/* PREENCHIMENTO DAS TABELAS */
INSERT INTO responsavel (cpf_responsavel, nome_responsavel) values
	(1138644181, 'Tom Cavalcanti'),
	(3648040081, 'Anderson Silva'),
	(9864532988, 'David Cooperfield');

INSERT INTO bem_patrimonio (bem_tombo, bem_descricao) values
	(1, 'Computador tipo Estação de Trabalho'),
	(2, 'Mesa'),
	(3, 'Licença de Software'),
	(4, 'Cadeira Executiva'),
	(3, 'Licença de Software');

INSERT INTO termo (numero_termo, setor_destino data_termo) values
	(0001, Almoxarifado, 01/04/2021),
	(0002, Recursos Humanos, 05/04/2021),
	(0003, Contabilidade, 09/04/2021);


	numero_termo varchar(4) not null,
	setor_destino varchar(20) not null,
	sigla_termo
	data_termo date not null,
	constraint pk_termo primary key (numero_termo)


/*
set datestyle = "ISO, DMY"; 

INSERT INTO ESTADO (SGESTADO, NMESTADO)
VALUES ('SP','SAO PAULO');
INSERT INTO ESTADO (SGESTADO, NMESTADO)
VALUES ('RJ', 'RIO DE JANEIRO');

INSERT INTO CIDADE (CDCIDADE, SGESTADO, NMCIDADE)
VALUES (1, 'SP', 'SAO PAULO');
INSERT INTO CIDADE (CDCIDADE, SGESTADO,NMCIDADE)
VALUES (2, 'SP', 'SANTO ANDRE');
INSERT INTO CIDADE (CDCIDADE, SGESTADO,NMCIDADE)
VALUES (3, 'SP', 'CAMPINAS');
INSERT INTO CIDADE (CDCIDADE, SGESTADO,NMCIDADE)
VALUES (1, 'RJ', 'RIO DE JANEIRO');
INSERT INTO CIDADE (CDCIDADE, SGESTADO,NMCIDADE)
VALUES (2, 'RJ', 'NITEROI');

INSERT INTO BAIRRO (CDBAIRRO, CDCIDADE,SGESTADO,NMBAIRRO)
VALUES (1, 1, 'SP', 'JARDINS');
INSERT INTO BAIRRO (CDBAIRRO, CDCIDADE,SGESTADO,NMBAIRRO)
VALUES (2, 1, 'SP', 'MORUMBI');
INSERT INTO BAIRRO (CDBAIRRO, CDCIDADE,SGESTADO,NMBAIRRO)
VALUES (3, 1, 'SP', 'AEROPORTO');
INSERT INTO BAIRRO (CDBAIRRO, CDCIDADE,SGESTADO,NMBAIRRO)
VALUES (1, 1, 'RJ', 'AEROPORTO');
INSERT INTO BAIRRO (CDBAIRRO, CDCIDADE,SGESTADO,NMBAIRRO)
VALUES (2, 1, 'RJ', 'FLAMENGO');


INSERT INTO VENDEDOR (CDVENDEDOR, NMVENDEDOR,NMENDERECO, EMAIL)
VALUES (1, 'MARIA DA SILVA', ' RUA DO GRITO, 45',' msilva@novatec.com.br');
INSERT INTO VENDEDOR (CDVENDEDOR, NMVENDEDOR,NMENDERECO, EMAIL)
VALUES (2, 'MARCOS ANDRADE', ' AV. DA SAUDADE, 325',' mandrade@novatec.com.br');
INSERT INTO VENDEDOR (CDVENDEDOR, NMVENDEDOR,NMENDERECO, EMAIL)
VALUES (3, 'ANDRE CARDOSO', ' AV. BRASIL, 401',' acardoso@novatec.com.br');
INSERT INTO VENDEDOR (CDVENDEDOR, NMVENDEDOR,NMENDERECO, EMAIL)
VALUES (4, 'TATIANA SOUZA', ' RUA DO IMPERADOR, 778',' tsouza@novatec.com.br');

INSERT INTO IMOVEL (CDIMOVEL, CDVENDEDOR, CDBAIRRO, CDCIDADE, SGESTADO, NMENDERECO, NRAREAUTIL, NRAREATOTAL, VLPRECO, IMOVEL_INDICADO)
VALUES (1,1,1,1, 'SP', 'AL TIETE, 3304 AP 101', 250,400,180000, null);
INSERT INTO IMOVEL (CDIMOVEL, CDVENDEDOR, CDBAIRRO, CDCIDADE, SGESTADO, NMENDERECO, NRAREAUTIL, NRAREATOTAL, VLPRECO, IMOVEL_INDICADO)
VALUES (2,1,2,1, 'SP', 'AV MORUMBI, 2230', 150,250, 135000, 1);
INSERT INTO IMOVEL (CDIMOVEL, CDVENDEDOR, CDBAIRRO, CDCIDADE, SGESTADO, NMENDERECO, NRAREAUTIL, NRAREATOTAL, VLPRECO, IMOVEL_INDICADO)
VALUES (3,2,1,1, 'RJ', 'R GAL OSORIO, 445 AP 34', 250,400,185000, 2);
INSERT INTO IMOVEL (CDIMOVEL, CDVENDEDOR, CDBAIRRO, CDCIDADE, SGESTADO, NMENDERECO, NRAREAUTIL, NRAREATOTAL, VLPRECO, IMOVEL_INDICADO)
VALUES (4,2,2,1, 'RJ', 'R D PEDRO I, 882', 120,400,110000, 1);
INSERT INTO IMOVEL (CDIMOVEL, CDVENDEDOR, CDBAIRRO, CDCIDADE, SGESTADO, NMENDERECO, NRAREAUTIL, NRAREATOTAL, VLPRECO, IMOVEL_INDICADO)
VALUES (6,4,1,1, 'RJ', 'R GETULIO VARGAS, 552', 200,300,99000, 5);
INSERT INTO IMOVEL (CDIMOVEL, CDVENDEDOR, CDBAIRRO, CDCIDADE, SGESTADO, NMENDERECO, NRAREAUTIL, NRAREATOTAL, VLPRECO, IMOVEL_INDICADO)
VALUES (5,3,3,1,'SP','AV RUBEM BERTA, 2355', 110,200,95000, 4);


INSERT INTO COMPRADOR (CDCOMPRADOR, NMCOMPRADOR, NMENDERECO, EMAIL)
VALUES (1, 'EMANUEL ANTUNES', 'R SARAIVA, 452', 'eantunes@novatec.com.br ');
INSERT INTO COMPRADOR (CDCOMPRADOR, NMCOMPRADOR, NMENDERECO, EMAIL)
VALUES (2, 'JOANA PEREIRA', 'AV PORTUGAL, 52', 'jpereira@novatec.com.br ');
INSERT INTO COMPRADOR (CDCOMPRADOR, NMCOMPRADOR, NMENDERECO, EMAIL)
VALUES (3, 'RONALDO CAMPELO', 'R ESTADOS UNIDOS, 790', 'rcampelo@novatec.com.br ');
INSERT INTO COMPRADOR (CDCOMPRADOR, NMCOMPRADOR, NMENDERECO, EMAIL)
VALUES (4, 'MANFRED', 'AV BRASIL, 351', 'maugusto@novatec.com.br ');


INSERT INTO OFERTA (CDCOMPRADOR, CDIMOVEL, VLOFERTA, DTOFERTA)
VALUES (1,1,170000, '10/01/2002');
INSERT INTO OFERTA (CDCOMPRADOR, CDIMOVEL, VLOFERTA, DTOFERTA)
VALUES (1,3,180000, '10/01/2002');
INSERT INTO OFERTA (CDCOMPRADOR, CDIMOVEL, VLOFERTA, DTOFERTA)
VALUES (2,2,135000, '15/02/2002');
INSERT INTO OFERTA (CDCOMPRADOR, CDIMOVEL, VLOFERTA, DTOFERTA)
VALUES (2,4,100000, '15/02/2002');
INSERT INTO OFERTA (CDCOMPRADOR, CDIMOVEL, VLOFERTA, DTOFERTA)
VALUES (3,1,160000, '05/01/2002');
INSERT INTO OFERTA (CDCOMPRADOR, CDIMOVEL, VLOFERTA, DTOFERTA)
VALUES (3,2,140000, '20/02/2002');


INSERT INTO FAIXA_IMOVEL (CDFAIXA, NMFAIXA, VLMINIMO, VLMAXIMO)
VALUES (1, 'BAIXO', 0,105000);
INSERT INTO FAIXA_IMOVEL (CDFAIXA, NMFAIXA, VLMINIMO, VLMAXIMO)
VALUES (2, 'MEDIO', 105001,180000);
INSERT INTO FAIXA_IMOVEL (CDFAIXA, NMFAIXA, VLMINIMO, VLMAXIMO)
VALUES (3, 'ALTO', 180001,999999);
